Student_ID,Age,Study_Hours,Attendance,Assignments_Completed,Previous_Score,Sleep_Hours,Internet_Hours
1001,24,34.1,95.9,15,67,4.1,4.9
1002,21,28.3,65.8,7,53,8.1,7.8
1003,22,33.2,61.5,9,56,5.4,4.7
1004,24,31.8,77.0,3,45,4.6,5.4
1005,20,22.9,99.4,5,45,7.5,5.9
1006,25,32.7,65.9,4,91,7.1,4.2
1007,22,7.7,85.2,11,78,8.4,5.4
1008,22,10.9,89.3,12,76,7.7,5.1
1009,24,6.4,65.7,8,92,8.0,7.3
1010,19,14.8,87.8,12,69,5.4,1.3
1011,20,16.7,71.6,5,84,4.9,3.0
1012,24,13.1,83.5,10,89,7.8,7.7
1013,20,29.9,83.5,10,45,8.0,7.2
1014,20,15.7,79.1,4,60,9.0,4.2
1015,25,13.4,59.1,8,83,6.1,5.3
1016,22,21.3,92.6,9,49,5.9,2.9
1017,21,9.2,69.4,4,66,7.9,2.3
1018,25,29.1,63.4,13,73,5.7,4.2
1019,25,7.2,56.8,12,47,8.7,3.5
1020,20,34.6,81.6,4,56,8.3,5.1
1021,23,28.2,85.5,12,70,6.1,1.5
1022,22,11.0,55.7,3,60,7.8,7.8
1023,19,5.2,78.0,10,95,7.8,7.9
1024,25,29.5,65.2,3,81,4.5,5.9
1025,21,26.2,84.0,11,66,8.5,4.8
1026,23,26.9,62.8,13,73,6.5,3.2
1027,23,28.1,86.1,8,58,8.1,6.7
1028,19,7.2,72.4,9,72,5.6,5.8
1029,25,15.8,97.2,15,49,8.5,2.1
1030,21,8.5,61.2,12,91,5.9,7.4
1031,22,30.9,70.3,9,93,4.1,6.8
1032,18,23.7,60.1,12,74,8.5,7.6
1033,21,14.9,96.6,5,90,4.5,6.1
1034,19,6.9,94.5,4,49,5.6,5.3
1035,23,14.3,66.6,11,56,8.8,3.9
1036,22,14.8,84.7,10,60,8.8,7.5
1037,21,26.9,91.8,15,70,6.9,7.1
1038,18,24.1,80.0,14,70,7.2,1.3
1039,18,31.6,78.8,12,92,6.2,1.2
1040,20,19.2,65.9,9,65,5.5,3.6
1041,20,8.6,59.2,11,83,5.6,6.7
1042,24,26.4,95.4,6,80,7.4,7.9
1043,19,27.8,95.5,15,77,7.8,2.1
1044,25,21.8,83.5,6,74,8.0,5.2
1045,21,28.1,70.3,3,81,7.9,3.7
1046,21,19.8,70.7,10,67,4.5,7.8
1047,25,20.7,87.7,14,54,6.5,6.9
1048,24,17.8,95.4,5,49,4.3,6.9
1049,23,5.8,94.9,9,80,6.7,4.3
1050,23,8.2,90.1,14,78,6.2,3.9
1051,24,5.9,83.9,4,75,8.4,2.9
1052,23,24.1,58.8,4,54,5.8,1.4
1053,20,14.4,62.3,9,63,4.6,7.1
1054,21,20.3,95.4,8,76,4.7,6.7
1055,24,32.2,82.3,5,45,7.8,8.0
1056,21,12.5,55.4,11,49,7.1,8.0
1057,25,17.3,59.6,12,89,4.5,4.9
1058,18,27.7,84.9,15,48,4.4,6.4
1059,20,11.9,55.2,8,60,7.5,7.6
1060,22,7.3,62.2,12,68,4.4,6.9
1061,20,13.7,79.7,12,60,8.1,2.7
1062,24,9.8,86.1,8,46,7.5,4.2
1063,22,32.9,84.3,3,93,4.4,1.9
1064,18,29.2,65.1,6,72,4.4,7.7
1065,24,24.0,87.0,12,76,8.9,5.2
1066,19,31.1,65.7,8,71,5.9,2.6
1067,21,29.1,69.6,8,64,5.9,5.7
1068,18,10.6,88.6,13,68,8.1,5.3
1069,21,31.8,84.2,14,56,8.7,3.5
1070,23,21.2,93.2,7,94,8.9,1.8
1071,19,29.2,84.6,3,79,7.8,5.7
1072,19,31.9,80.6,10,77,5.9,4.6
1073,18,14.5,59.2,7,77,4.4,6.4
1074,19,8.3,71.5,14,95,7.9,4.6
1075,22,11.8,66.9,14,87,6.8,7.0
1076,19,17.8,66.0,14,81,6.1,4.9
1077,21,29.5,98.8,7,56,8.5,4.9
1078,21,30.8,72.7,9,47,4.6,7.1
1079,24,5.2,95.1,6,45,6.5,3.8
1080,21,20.3,83.4,8,77,4.1,1.9
1081,24,17.5,90.8,15,84,6.3,1.2
1082,21,11.7,77.6,6,54,4.3,6.3
1083,22,8.6,81.0,5,87,4.6,5.3
1084,25,15.1,77.2,9,88,4.6,5.9
1085,24,33.3,63.8,10,73,7.2,2.5
1086,20,14.7,87.5,6,57,7.7,2.0
1087,23,20.6,67.6,15,56,6.9,1.1
1088,18,26.1,56.1,4,75,8.8,3.5
1089,21,15.9,84.0,14,90,5.9,5.1
1090,19,34.2,63.0,12,46,5.4,3.7
1091,25,33.9,97.3,5,95,8.3,4.1
1092,21,12.6,97.9,3,94,5.1,7.3
1093,19,19.9,96.2,10,79,8.8,3.4
1094,23,14.0,71.7,5,67,4.1,4.6
1095,23,13.5,55.7,14,61,8.8,6.5
1096,23,6.1,96.8,12,70,4.2,3.8
1097,19,23.3,74.3,9,52,8.5,5.4
1098,21,20.1,98.5,12,73,6.6,7.0
1099,23,6.5,98.4,7,70,9.0,7.6
1100,22,13.4,93.4,12,54,4.4,2.0
